{
	"sources" : 
	[
		{
			"file" : "/home/perry/Projects/extras_arc/build/_deps/extras-subbuild/CMakeFiles/extras-populate"
		},
		{
			"file" : "/home/perry/Projects/extras_arc/build/_deps/extras-subbuild/CMakeFiles/extras-populate.rule"
		},
		{
			"file" : "/home/perry/Projects/extras_arc/build/_deps/extras-subbuild/CMakeFiles/extras-populate-complete.rule"
		},
		{
			"file" : "/home/perry/Projects/extras_arc/build/_deps/extras-subbuild/extras-populate-prefix/src/extras-populate-stamp/extras-populate-build.rule"
		},
		{
			"file" : "/home/perry/Projects/extras_arc/build/_deps/extras-subbuild/extras-populate-prefix/src/extras-populate-stamp/extras-populate-configure.rule"
		},
		{
			"file" : "/home/perry/Projects/extras_arc/build/_deps/extras-subbuild/extras-populate-prefix/src/extras-populate-stamp/extras-populate-download.rule"
		},
		{
			"file" : "/home/perry/Projects/extras_arc/build/_deps/extras-subbuild/extras-populate-prefix/src/extras-populate-stamp/extras-populate-install.rule"
		},
		{
			"file" : "/home/perry/Projects/extras_arc/build/_deps/extras-subbuild/extras-populate-prefix/src/extras-populate-stamp/extras-populate-mkdir.rule"
		},
		{
			"file" : "/home/perry/Projects/extras_arc/build/_deps/extras-subbuild/extras-populate-prefix/src/extras-populate-stamp/extras-populate-patch.rule"
		},
		{
			"file" : "/home/perry/Projects/extras_arc/build/_deps/extras-subbuild/extras-populate-prefix/src/extras-populate-stamp/extras-populate-test.rule"
		},
		{
			"file" : "/home/perry/Projects/extras_arc/build/_deps/extras-subbuild/extras-populate-prefix/src/extras-populate-stamp/extras-populate-update.rule"
		}
	],
	"target" : 
	{
		"labels" : 
		[
			"extras-populate"
		],
		"name" : "extras-populate"
	}
}